Data	MHC binding	TCR reactivity
H2-IAk,HGPRESIISVLYHCC	0.2378000020980835	0.11190000176429749
H2-IEk,HGPRESIISVLYHCC	0.055799998342990875	0.5724999904632568
H2-IAk,GPRESIISVLYHCCA	0.2703999876976013	0.08749999850988388
H2-IEk,GPRESIISVLYHCCA	0.10209999978542328	0.5842999815940857
