Data	MHC binding	TCR reactivity
H2-Kk,RRAPLLCEG	1.0	0.5501999855041504
H2-Dd,RRAPLLCEG	0.27250000834465027	0.7677000164985657
H2-Ld,RRAPLLCEG	0.4410000145435333	0.7146999835968018
H2-Kk,RAPLLCEGI	0.9983999729156494	0.39910000562667847
H2-Dd,RAPLLCEGI	0.9926999807357788	0.8176000118255615
H2-Ld,RAPLLCEGI	0.8791000247001648	0.701200008392334
H2-Kk,APLLCEGIC	0.027499999850988388	0.5939000248908997
H2-Dd,APLLCEGIC	0.05849999934434891	0.6812999844551086
H2-Ld,APLLCEGIC	0.3815000057220459	0.5647000074386597
H2-Kk,PLLCEGICA	0.5810999870300293	0.30660000443458557
H2-Dd,PLLCEGICA	0.029600000008940697	0.5594000220298767
H2-Ld,PLLCEGICA	0.10540000349283218	0.40400001406669617
H2-Kk,LLCEGICAS	0.9656000137329102	0.5170000195503235
H2-Dd,LLCEGICAS	0.023800000548362732	0.6417999863624573
H2-Ld,LLCEGICAS	0.07419999688863754	0.5238000154495239
H2-Kk,LCEGICASQ	0.4742000102996826	0.5683000087738037
H2-Dd,LCEGICASQ	0.047200001776218414	0.8824999928474426
H2-Ld,LCEGICASQ	0.2078000009059906	0.8140000104904175
H2-Kk,CEGICASQV	0.9916999936103821	0.5626000165939331
H2-Dd,CEGICASQV	0.8651999831199646	0.3626999855041504
H2-Ld,CEGICASQV	0.840499997138977	0.2669999897480011
