"X","ID","Gene.name","logFC","logCPM","LR","PValue","FDR","entrezgene_id"
"ENSMUSG00000028195","ENSMUSG00000028195","Cyr61",-1.49457906646917,8.00969480982117,181.477883895475,2.3053954525006e-41,9.93567805141448e-38,NA
"ENSMUSG00000059824","ENSMUSG00000059824","Dbp",-1.74587941600782,5.80422585556748,31.8334119172366,1.67978141281047e-08,1.24653273355848e-05,13170
"ENSMUSG00000020889","ENSMUSG00000020889","Nr1d1",-1.40166250558674,6.20325745157911,30.5122002079014,3.31773507376508e-08,2.1183124050606e-05,217166
"ENSMUSG00000055254","ENSMUSG00000055254","Ntrk2",-1.71114385905772,5.87487717247706,30.3851863338799,3.54222929875785e-08,2.18087467433166e-05,18212
