"X","ID","Gene.name","logFC","logCPM","LR","PValue","FDR"
"ENSMUSG00000028195","ENSMUSG00000028195","Cyr61",-1.41051678249709,8.00969480982117,165.035352445099,8.98643262330206e-38,5.16390373310347e-34
"ENSMUSG00000033730","ENSMUSG00000033730","Egr3",-1.79175158801896,2.30989012474499,31.3924168450363,2.10802620789392e-08,2.13766257634607e-05
"ENSMUSG00000076508","ENSMUSG00000076508","Igkv17-127",-1.35707231757463,3.76173858071015,26.6256542512948,2.4694290839409e-07,0.000157668473992804
"ENSMUSG00000030724","ENSMUSG00000030724","Cd19",-1.54566745517562,3.46072145784564,25.8155466882127,3.75650475313256e-07,0.000223304777376732
"ENSMUSG00000094797","ENSMUSG00000094797","Igkv6-15",-1.21509253180285,6.07609199502982,24.7418334172803,6.55459360286004e-07,0.000322841826056298
"ENSMUSG00000034394","ENSMUSG00000034394","Lif",-1.24223247097575,3.21911042777102,24.1236217524172,9.03452404732242e-07,0.000420935567707544
