"X","ID","Gene.name","logFC","logCPM","LR","PValue","FDR"
"ENSMUSG00000091971","ENSMUSG00000091971","Hspa1a",2.44982776385028,4.77617811550536,218.011870958001,2.45501410772833e-49,4.23219882031287e-45
"ENSMUSG00000090877","ENSMUSG00000090877","Hspa1b",2.58335412500922,5.38326389734012,207.229832932263,5.52403530239731e-47,4.76144222890136e-43
"ENSMUSG00000029657","ENSMUSG00000029657","Hsph1",1.25339630643081,6.30410973432982,88.1721978273975,5.99972897685675e-21,2.58573319580084e-17
"ENSMUSG00000098973","ENSMUSG00000098973","Mir6236",1.1390248932551,3.95561815749536,46.8301810208063,7.74120093745915e-12,1.90643661372655e-08
"ENSMUSG00000031972","ENSMUSG00000031972","Acta1",1.29844972013467,2.78457220599974,34.2507398913697,4.84491208183625e-09,5.568095958585e-06
"ENSMUSG00000044041","ENSMUSG00000044041","Krt13",2.90602896892784,-0.743375794085767,30.6222243914444,3.13482273200968e-08,3.00228939317304e-05
"ENSMUSG00000055775","ENSMUSG00000055775","Myh8",3.38400380493632,-1.19837886253878,29.4317493950466,5.79209257423659e-08,4.50955486279801e-05
"ENSMUSG00000078925","ENSMUSG00000078925","D030018L15Rik",1.70433494972284,1.21903912766976,29.275588015387,6.27816675602716e-08,4.50955486279801e-05
