Data	MHC binding	TCR reactivity
H2-Ld,WRRPPASPP	0.12020000070333481	0.84579998254776
H2-Kk,RRPPASPPH	0.9998999834060669	0.6200000047683716
H2-Dd,RRPPASPPH	0.5429999828338623	0.6852999925613403
H2-Ld,RRPPASPPH	0.37869998812675476	0.6675999760627747
H2-Kk,RPPASPPHK	0.984000027179718	0.5354999899864197
H2-Dd,RPPASPPHK	0.9747999906539917	0.5709999799728394
H2-Ld,RPPASPPHK	0.9610000252723694	0.5613999962806702
