"category","subcategory","ID","Description","GeneRatio","BgRatio","RichFactor","FoldEnrichment","zScore","pvalue","p.adjust","qvalue","geneID","Count"
"Genetic Information Processing","Folding, sorting and degradation","mmu04141","Protein processing in endoplasmic reticulum - Mus musculus (house mouse)","6/30","175/9775",0.0342857142857143,11.1714285714286,7.53305666741769,1.25573969891349e-05,0.00125573969891349,0.0010706833222315,"15511/193740/81489/15502/15505/15519",6
"Environmental Information Processing","Signal transduction","mmu04010","MAPK signaling pathway - Mus musculus (house mouse)","6/30","299/9775",0.020066889632107,6.53846153846154,5.39657336107309,0.000248746274449363,0.0124373137224681,0.0106044464370518,"15511/193740/15507/15370/14281/239556",6
"Human Diseases","Cardiovascular disease","mmu05417","Lipid and atherosclerosis - Mus musculus (house mouse)","5/30","217/9775",0.0230414746543779,7.50768049155146,5.37871395838506,0.000466451328168545,0.0155483776056182,0.0132570377479481,"15511/193740/15519/14281/20183",5
"Organismal Systems","Endocrine system","mmu04915","Estrogen signaling pathway - Mus musculus (house mouse)","4/30","134/9775",0.0298507462686567,9.72636815920398,5.64326912844942,0.000701726242706773,0.0175431560676693,0.014957848857697,"15511/193740/15519/14281",4
"Organismal Systems","Immune system","mmu04612","Antigen processing and presentation - Mus musculus (house mouse)","3/30","87/9775",0.0344827586206897,11.235632183908,5.32063057019222,0.00232411379919518,0.0413303383626836,0.0352395516566039,"15511/193740/15519",3
"Organismal Systems","Endocrine system","mmu03320","PPAR signaling pathway - Mus musculus (house mouse)","3/30","89/9775",0.0337078651685393,10.9831460674157,5.2492356473456,0.00247982030176101,0.0413303383626836,0.0352395516566039,"20183/22227/14080",3
