Unnamed: 0,ID,Gene.name,logFC,logCPM,LR,PValue,FDR,Source
ENSMUSG00000030111,ENSMUSG00000030111,A2m,-6.693074013,1.882627475,13.37894066,0.000254465,0.006266756,Ure_vs_PBS_RT_DMXAA
ENSMUSG00000071347,ENSMUSG00000071347,C1qtnf9,-1.534382106,1.503829519,21.77414818,3.07e-06,0.000203357,Ure_vs_PBS_RT_DMXAA
ENSMUSG00000024770,ENSMUSG00000024770,Lipn,-2.939442583,-0.72328556,13.98321563,0.00018445,0.00488438,Ure_vs_PBS_RT_DMXAA
ENSMUSG00000043017,ENSMUSG00000043017,Ptgir,-1.101759895,3.828513958,15.21540856,9.59e-05,0.002517893,Ure_DMXAA_vs_PBS_RT_DMXAA
ENSMUSG00000043017,ENSMUSG00000043017,Ptgir,-1.44641934,3.828513958,25.44142015,4.56e-07,4.44e-05,Ure_vs_PBS_RT_DMXAA
ENSMUSG00000017400,ENSMUSG00000017400,Stac2,-1.173414123,3.38883766,20.06876127,7.47e-06,0.000390265,Ure_DMXAA_vs_PBS_RT_DMXAA
ENSMUSG00000017400,ENSMUSG00000017400,Stac2,-1.313318323,3.38883766,24.62427918,6.97e-07,6.1e-05,Ure_vs_PBS_RT_DMXAA
