Unnamed: 0,ID,Gene.name,logFC,logCPM,LR,PValue,FDR
ENSMUSG00000029657,ENSMUSG00000029657,Hsph1,-1.88729492351977,7.05883191797457,27.2901086941548,1.75104873680223e-07,1.98594270879827e-05
ENSMUSG00000091971,ENSMUSG00000091971,Hspa1a,-2.09467416338376,6.16245396421697,17.6722227317664,2.62431097052082e-05,0.0009646161369042
ENSMUSG00000089774,ENSMUSG00000089774,Slc5a3,-1.03694278028062,4.22196334224796,17.3041952499962,3.18482944177755e-05,0.0011204749948327
ENSMUSG00000090877,ENSMUSG00000090877,Hspa1b,-2.19834002950759,6.89440281234455,16.9655439242642,3.80643847935786e-05,0.0012791265681413
ENSMUSG00000004951,ENSMUSG00000004951,Hspb1,-1.03729074590034,6.72537289532914,14.0509578225144,0.0001779231908231,0.0040571665166679
