Unnamed: 0,ID,Gene.name,logFC,logCPM,LR,PValue,FDR
ENSMUSG00000030237,ENSMUSG00000030237,Slco1a4,-4.26749586325325,0.583261924680741,54.9033271317079,1.26606500397189e-13,3.84301796315799e-10
ENSMUSG00000024534,ENSMUSG00000024534,Sncaip,-1.77839288944461,2.72760843969504,36.3847939870896,1.6196189111528602e-09,5.36934815564696e-07
ENSMUSG00000011263,ENSMUSG00000011263,Exoc3l2,-2.42987721868889,3.46731434987429,36.2949338619452,1.6960416981058102e-09,5.41445608030482e-07
ENSMUSG00000054672,ENSMUSG00000054672,5830411N06Rik,-1.39388544084069,1.5143462433479,17.1299683741832,3.49071451519256e-05,0.0013707614470935
ENSMUSG00000111531,ENSMUSG00000111531,Gm32688,-1.6670807040203,-0.0820748974588219,12.4427285839787,0.0004196222959584,0.0089639018092033
