Unnamed: 0,ID,Gene.name,logFC,logCPM,LR,PValue,FDR
ENSMUSG00000001998,ENSMUSG00000001998,Ap4e1,1.73158756848995,5.01953823187811,18.1556543465658,2.03564109580632e-05,0.0841581722478842
ENSMUSG00000066363,ENSMUSG00000066363,Serpina3f,1.10984838080975,3.77615392658671,17.8100357545653,2.44092384267893e-05,0.0841581722478842
ENSMUSG00000073008,ENSMUSG00000073008,Gpr174,1.16097634508755,2.0791205727305,15.5050629425406,8.22845652674186e-05,0.122202445430643
ENSMUSG00000104213,ENSMUSG00000104213,Ighd,1.08777976153653,4.62205159475267,12.9427703627344,0.0003211593797386,0.219777675777963
ENSMUSG00000073902,ENSMUSG00000073902,Gm1966,1.8831564716763,-0.567318620185872,12.9350942507302,0.0003224790001054,0.219777675777963
ENSMUSG00000031551,ENSMUSG00000031551,Ido1,1.5558020359353,-0.162490688440204,12.8237091554449,0.0003422545519951,0.219777675777963
ENSMUSG00000074497,ENSMUSG00000074497,A430078G23Rik,1.1103125244669,1.95292768941348,12.2284674233936,0.0004706584296787,0.26173163449134
ENSMUSG00000042474,ENSMUSG00000042474,Fcmr,1.07552239759681,3.48401552457023,11.3551599636976,0.0007523864074491,0.343450970442818
ENSMUSG00000030787,ENSMUSG00000030787,Lyve1,1.02051734886857,7.34682351997506,10.9047006153997,0.0009592054098111,0.393708144279399
