Unnamed: 0,ID,Gene.name,logFC,logCPM,LR,PValue,FDR
ENSMUSG00000073008,ENSMUSG00000073008,Gpr174,1.16097634508755,2.0791205727305,15.5050629425406,8.22845652674186e-05,0.122202445430643
ENSMUSG00000104213,ENSMUSG00000104213,Ighd,1.08777976153653,4.62205159475267,12.9427703627344,0.0003211593797386,0.219777675777963
ENSMUSG00000042474,ENSMUSG00000042474,Fcmr,1.07552239759681,3.48401552457023,11.3551599636976,0.0007523864074491,0.343450970442818
