Unnamed: 0,ID,Gene.name,logFC,logCPM,LR,PValue,FDR
ENSMUSG00000095170,ENSMUSG00000095170,Ighv8-11,2.24534482753878,3.30482990912078,35.2935344041342,2.8357190195223102e-09,9.77699203550903e-06
ENSMUSG00000028195,ENSMUSG00000028195,Cyr61,1.21985613518263,7.83579786623218,34.4206451316696,4.43988732997986e-09,1.27565362802538e-05
ENSMUSG00000023034,ENSMUSG00000023034,Nr4a1,1.17656995788278,6.86403321618702,17.4155724780584,3.00355135060922e-05,0.0110166429219473
ENSMUSG00000021250,ENSMUSG00000021250,Fos,1.04419935781594,5.989945619258,15.3005042105261,9.16920338844033e-05,0.0229385708853188
ENSMUSG00000086610,ENSMUSG00000086610,Gm15408,1.42696442980614,-0.252979444143725,13.0810855448095,0.0002982925363135,0.0571362781500996
