Unnamed: 0,ID,Gene.name,logFC,logCPM,LR,PValue,FDR
ENSMUSG00000076562,ENSMUSG00000076562,Igkv4-50,3.19197041268523,2.89640142249291,14.4265129718574,0.0001457360158935,0.17945308414204
ENSMUSG00000087582,ENSMUSG00000087582,Ighv6-7,6.79735576502666,-0.995921831097101,11.1795539091314,0.000827036544112,0.356432074598679
